{
    "id":"anx1",
    "transition":[
        {
            "transitionname":"TransitionZoomFilter",
            "parament":{
                "duration":0.566
            }
        },
        {
            "transitionname":"TransitionZoomFilter",
            "parament":{
                "duration":0.566
            }
        },
        {
            "transitionname":"TransitionZoomFilter",
            "parament":{
                "duration":0.566
            }
        },
        {
            "transitionname":"TransitionOverlappFilter",
            "parament":{
                "duration":0.4
            }
        }
    ]
}
